Ich muss den Code heute noch committen.,I have to commit the code today.
Der Server ist momentan nicht erreichbar.,The server is currently unreachable.
Wir haben ein Problem mit der Datenbankverbindung.,We have a problem with the database connection.
Können Sie den Fehler bitte reproduzieren?,Can you please reproduce the bug?
Das Update wird morgen früh installiert.,The update will be installed tomorrow morning.
Ich arbeite an einem neuen Feature.,I am working on a new feature.
Die Anwendung läuft jetzt viel schneller.,The application runs much faster now.
Wir müssen die Sicherheit unserer Daten gewährleisten.,We must ensure the security of our data.
Bitte prüfen Sie die Log-Dateien auf Fehlermeldungen.,Please check the log files for error messages.
Das Projekt ist fast abgeschlossen.,The project is almost finished.
Die Tests waren alle erfolgreich.,The tests were all successful.
Ich habe die Dokumentation aktualisiert.,I have updated the documentation.
Gibt es Neuigkeiten zum Release?,Is there any news regarding the release?
Wir sollten ein Backup der Datenbank machen.,We should make a backup of the database.
Die Benutzeroberfläche muss intuitiver werden.,The user interface needs to become more intuitive.
Ich brauche mehr Zeit für diese Aufgabe.,I need more time for this task.
Wir verwenden agile Methoden in unserem Team.,We use agile methods in our team.
Die Anforderungen haben sich geändert.,The requirements have changed.
Ich muss mich noch in die neue API einarbeiten.,I still need to familiarize myself with the new API.
Das System ist überlastet.,The system is overloaded.
Können Sie mir helfen diesen Fehler zu finden?,Can you help me find this bug?
Ich habe einen Workaround implementiert.,I have implemented a workaround.
Der Kunde ist mit der Lösung zufrieden.,The customer is satisfied with the solution.
Wir planen ein Meeting für nächste Woche.,We are planning a meeting for next week.
Die Skalierbarkeit ist ein wichtiges Thema.,Scalability is an important topic.
Ich schaue mir das Problem sofort an.,I will look into the problem immediately.
Die Performance hat sich deutlich verbessert.,The performance has improved significantly.
Wir müssen die Codequalität erhöhen.,We need to increase the code quality.
Das Framework bietet viele nützliche Funktionen.,The framework offers many useful features.
Ich bin mit dem aktuellen Stand sehr zufrieden.,I am very satisfied with the current status.
